playlist_key,track_key,track_priority
OLAK5uy_ktDpN3CaFt3aN1WL089y7UJBLmErqkhX0,rhOHVvzAeRQ,1
OLAK5uy_ktDpN3CaFt3aN1WL089y7UJBLmErqkhX0,Ct3EEGFCdE8,2
OLAK5uy_ktDpN3CaFt3aN1WL089y7UJBLmErqkhX0,XElvORRylTA,3
OLAK5uy_ktDpN3CaFt3aN1WL089y7UJBLmErqkhX0,xNRtpUKgLUo,4
OLAK5uy_ktDpN3CaFt3aN1WL089y7UJBLmErqkhX0,_mg4tXvZ0eo,5
OLAK5uy_ktDpN3CaFt3aN1WL089y7UJBLmErqkhX0,CV4WkDY68Sw,6
OLAK5uy_nz4e2MYLkFipTd5fDxcoU6bqvujTxwISA,lN1saM8FlZs,1
OLAK5uy_nz4e2MYLkFipTd5fDxcoU6bqvujTxwISA,_LPDhjsxYNE,2
OLAK5uy_nz4e2MYLkFipTd5fDxcoU6bqvujTxwISA,Lg1Npz5nCao,3
OLAK5uy_nz4e2MYLkFipTd5fDxcoU6bqvujTxwISA,XSJzIqLv634,4
OLAK5uy_nz4e2MYLkFipTd5fDxcoU6bqvujTxwISA,6JOTBGYGcD0,5
OLAK5uy_nz4e2MYLkFipTd5fDxcoU6bqvujTxwISA,zUvKM1b96kw,6
OLAK5uy_nz4e2MYLkFipTd5fDxcoU6bqvujTxwISA,F9lPJS4Yjhw,7
OLAK5uy_nz4e2MYLkFipTd5fDxcoU6bqvujTxwISA,pg3ESJaySwE,8
OLAK5uy_nz4e2MYLkFipTd5fDxcoU6bqvujTxwISA,h0Cww19FQUs,9
OLAK5uy_nz4e2MYLkFipTd5fDxcoU6bqvujTxwISA,2GhSUZVeY44,10
OLAK5uy_mlRtm-jqLTwQkrKVmWMM88d2JZ1Gk9Xow,IVbY5edMfCA,1
OLAK5uy_mlRtm-jqLTwQkrKVmWMM88d2JZ1Gk9Xow,c-ViKMo28V0,2
