title,key,duration,cover
キェルツェの螺旋,rhOHVvzAeRQ,1:45,OLAK5uy_ktDpN3CaFt3aN1WL089y7UJBLmErqkhX0
camn aven,Ct3EEGFCdE8,3:34,OLAK5uy_ktDpN3CaFt3aN1WL089y7UJBLmErqkhX0
解毒される樹海,XElvORRylTA,3:44,OLAK5uy_ktDpN3CaFt3aN1WL089y7UJBLmErqkhX0
カッコーの巣の上で,xNRtpUKgLUo,3:19,OLAK5uy_ktDpN3CaFt3aN1WL089y7UJBLmErqkhX0
skór,_mg4tXvZ0eo,3:07,OLAK5uy_ktDpN3CaFt3aN1WL089y7UJBLmErqkhX0
第八病棟,CV4WkDY68Sw,4:56,OLAK5uy_ktDpN3CaFt3aN1WL089y7UJBLmErqkhX0
Leland,lN1saM8FlZs,4:04,OLAK5uy_nz4e2MYLkFipTd5fDxcoU6bqvujTxwISA
花のように,_LPDhjsxYNE,2:00,OLAK5uy_nz4e2MYLkFipTd5fDxcoU6bqvujTxwISA
anschluss,Lg1Npz5nCao,4:20,OLAK5uy_nz4e2MYLkFipTd5fDxcoU6bqvujTxwISA
わたしたちの失敗,XSJzIqLv634,4:12,OLAK5uy_nz4e2MYLkFipTd5fDxcoU6bqvujTxwISA
地図,6JOTBGYGcD0,5:36,OLAK5uy_nz4e2MYLkFipTd5fDxcoU6bqvujTxwISA
sarasa,zUvKM1b96kw,1:22,OLAK5uy_nz4e2MYLkFipTd5fDxcoU6bqvujTxwISA
ラズロ、笑って,F9lPJS4Yjhw,3:31,OLAK5uy_nz4e2MYLkFipTd5fDxcoU6bqvujTxwISA
purusha,pg3ESJaySwE,3:29,OLAK5uy_nz4e2MYLkFipTd5fDxcoU6bqvujTxwISA
Your eyes have all the answer,h0Cww19FQUs,4:23,OLAK5uy_nz4e2MYLkFipTd5fDxcoU6bqvujTxwISA
すべて叫んだ,2GhSUZVeY44,6:30,OLAK5uy_nz4e2MYLkFipTd5fDxcoU6bqvujTxwISA
シンデレラボーイ,IVbY5edMfCA,3:50,OLAK5uy_mlRtm-jqLTwQkrKVmWMM88d2JZ1Gk9Xow
Respawn,c-ViKMo28V0,4:56,OLAK5uy_mlRtm-jqLTwQkrKVmWMM88d2JZ1Gk9Xow
ABC,Mtd24QIBJ5Y,2:32,3PPbVCuUYiAnWczsAQFHqR
Playing God,Z5NoQg8LdDk,3:23,3cN3mENkACWuRCDOuQUtfw
